-- phpMyAdmin SQL Dump
-- version 5.2.2
-- https://www.phpmyadmin.net/
--
-- Host: localhost:3306
-- Generation Time: Nov 21, 2025 at 04:04 PM
-- Server version: 10.11.14-MariaDB-cll-lve-log
-- PHP Version: 8.4.11

SET SQL_MODE = "NO_AUTO_VALUE_ON_ZERO";
START TRANSACTION;
SET time_zone = "+00:00";


/*!40101 SET @OLD_CHARACTER_SET_CLIENT=@@CHARACTER_SET_CLIENT */;
/*!40101 SET @OLD_CHARACTER_SET_RESULTS=@@CHARACTER_SET_RESULTS */;
/*!40101 SET @OLD_COLLATION_CONNECTION=@@COLLATION_CONNECTION */;
/*!40101 SET NAMES utf8mb4 */;

--
-- Database: `pikadone_stefan`
--

-- --------------------------------------------------------

--
-- Table structure for table `costs`
--

CREATE TABLE `costs` (
  `id` int(11) NOT NULL,
  `reportId` int(11) DEFAULT NULL,
  `label` varchar(50) DEFAULT NULL,
  `value` decimal(5,1) DEFAULT NULL,
  `type` int(11) DEFAULT NULL
) ENGINE=InnoDB DEFAULT CHARSET=latin1 COLLATE=latin1_swedish_ci;

--
-- Dumping data for table `costs`
--

INSERT INTO `costs` (`id`, `reportId`, `label`, `value`, `type`) VALUES
(1000, 1000, 'Internet', 15.0, 100),
(1001, 1000, 'Struja', 70.0, 100),
(1002, 1000, 'Kirija', 690.0, 100),
(1003, 1000, 'Osiguranje Auta i Stana', 110.0, 100),
(1004, 1000, 'Kredit', 590.0, 100),
(1005, 1000, 'Gorivo', 60.0, 100),
(1006, 1000, 'Nabavka', 400.0, 100),
(1007, 1000, 'Komoda', 100.0, 100),
(1008, 1000, 'Put', 1118.5, 100),
(1009, 1000, 'Telefon', 411.1, 102),
(1010, 1000, 'Djole', 130.2, 102),
(1011, 1000, 'Nabavka pred put', 50.0, 102),
(1012, 1000, 'Lakostice', 115.0, 101),
(1013, 1000, 'Milan hosting', 35.0, 101),
(1014, 1000, 'Luka kosulja', 20.0, 101),
(1015, 1000, 'Nabavka pred put', 50.0, 101),
(1016, 1001, 'Internet', 15.0, 100),
(1017, 1001, 'Struja', 60.0, 100),
(1018, 1001, 'Kirija', 690.0, 100),
(1019, 1001, 'Osiguranje Auta i Stana', 95.0, 100),
(1020, 1001, 'Kredit', 590.0, 100),
(1021, 1001, 'Gorivo', 106.0, 100),
(1022, 1001, 'Nabavka', 400.0, 100),
(1023, 1001, 'Tojota', 500.0, 100),
(1024, 1001, 'Put', 531.9, 100),
(1027, 1001, 'BasicFit', 30.0, 100),
(1028, 1001, 'Odrzavanje racuna', 20.0, 100),
(1030, 1002, 'Internet', 15.0, 100),
(1031, 1002, 'Struja', 50.0, 100),
(1032, 1002, 'Kirija', 690.0, 100),
(1033, 1002, 'Osiguranje Auta i Stana', 95.0, 100),
(1034, 1002, 'Kredit', 581.0, 100),
(1035, 1002, 'Gorivo', 112.0, 100),
(1036, 1002, 'Nabavka', 550.0, 100),
(1037, 1002, 'Tojota', 500.0, 100),
(1038, 1002, 'BasicFit', 30.0, 100),
(1039, 1002, 'Odrzavanje racuna', 20.0, 100),
(1040, 1002, 'Kuglanje', 34.0, 100),
(1041, 1002, 'Heets', 65.0, 101),
(1042, 1002, 'Ofenburg', 60.0, 100),
(1043, 1002, 'Selesta ulaznica', 20.0, 101),
(1044, 1002, 'Srbija karte', 150.0, 100),
(1045, 1002, 'Ostalo', 120.0, 100),
(1046, 1002, 'Micina karta', 31.5, 101),
(1047, 1002, 'Njemacki i Doktor', 200.0, 102),
(1048, 1002, 'Bankomat', 40.0, 101),
(1051, 1002, 'Bankomat', 20.0, 102),
(1052, 1002, 'DM Branka', 30.0, 102),
(1053, 1002, 'Kazna', 135.0, 100),
(1054, 1002, 'Mis', 116.0, 101),
(1055, 1002, 'Ostalo', 100.0, 102),
(1056, 1002, 'zubar', 410.0, 102),
(1058, 1002, 'Bankomat', 20.0, 102),
(1059, 1002, 'heets i ostalo', 120.0, 101),
(1060, 1002, 'Bankomat', 60.0, 101),
(1061, 1002, 'KFC i GiFi', 65.0, 100),
(1065, 1003, 'Internet', 30.0, 100),
(1066, 1003, 'Struja', 50.0, 100),
(1067, 1003, 'Kirija', 690.0, 100),
(1068, 1003, 'Osiguranje Auta i Stana', 95.0, 100),
(1069, 1003, 'Kredit', 590.0, 100),
(1070, 1003, 'Gorivo', 140.0, 100),
(1071, 1003, 'Nabavka', 400.0, 100),
(1072, 1003, 'Tojota', 500.0, 100),
(1073, 1003, 'BasicFit', 30.0, 100),
(1074, 1003, 'Odrzavanje racuna', 20.0, 100),
(1075, 1003, 'Strazbur', 32.0, 101),
(1076, 1003, 'Psiholog', 38.0, 101),
(1077, 1003, 'Bankomat', 60.0, 101),
(1078, 1003, 'TV', 130.0, 100),
(1079, 1003, 'Bankomat', 100.0, 101),
(1083, 1003, 'DM H&M', 115.0, 102),
(1084, 1003, 'Doktor', 25.0, 102),
(1085, 1003, 'Zubar', 39.0, 101),
(1086, 1003, 'Bankomat', 80.0, 102),
(1087, 1003, 'KB pi?e', 27.0, 102),
(1091, 1003, 'Ostalo', 700.0, 100),
(1092, 1003, 'Posudba', 300.0, 102),
(1093, 1004, 'Internet', 30.0, 100),
(1094, 1004, 'Struja', 50.0, 100),
(1095, 1004, 'Kirija', 690.0, 100),
(1096, 1004, 'Osiguranje Auta i Stana', 95.0, 100),
(1097, 1004, 'Kredit', 590.0, 100),
(1098, 1004, 'Gorivo', 150.0, 100),
(1099, 1004, 'Nabavka', 500.0, 100),
(1100, 1004, 'Tojota', 500.0, 100),
(1101, 1004, 'BasicFit', 30.0, 100),
(1102, 1004, 'Odrzavanje racuna', 20.0, 100),
(1103, 1004, 'TV', 100.0, 100),
(1104, 1004, 'Stol', 280.0, 101),
(1105, 1004, 'Tastatura', 130.0, 101),
(1106, 1004, 'Borin novcanik', 30.0, 101),
(1107, 1004, 'Pregled', 256.0, 102),
(1109, 1004, 'suplementi', 117.0, 102),
(1110, 1004, 'dzemperi ', 41.0, 102),
(1111, 1004, '?izme ', 68.0, 102),
(1113, 1004, 'PayPal', 25.0, 101),
(1116, 1004, 'konsultacije', 150.0, 102),
(1117, 1004, 'rata spec', 350.0, 102),
(1118, 1004, 'tatjana', 30.0, 102),
(1119, 1004, 'Ostalo', 1180.0, 100),
(1120, 1004, 'branka trosak', 80.0, 102),
(1121, 1005, 'Internet', 30.0, 100),
(1122, 1005, 'Struja', 50.0, 100),
(1123, 1005, 'Kirija', 690.0, 100),
(1124, 1005, 'Osiguranje Auta i Stana', 95.0, 100),
(1125, 1005, 'Kredit', 515.0, 100),
(1126, 1005, 'Gorivo', 100.0, 100),
(1127, 1005, 'Nabavka', 200.0, 100),
(1128, 1005, 'BasicFit', 30.0, 100),
(1129, 1005, 'Odrzavanje racuna', 20.0, 100),
(1130, 1005, 'TV', 100.0, 100),
(1131, 1005, 'tetka parfem', 98.0, 102),
(1132, 1005, 'djole lijek', 26.0, 102),
(1133, 1005, 'ceca maskara', 29.0, 102),
(1134, 1005, 'branka dm kozmetika ', 30.0, 102),
(1135, 1005, 'miracurl', 14.0, 102),
(1136, 1005, 'Skolarina i dug u kasicu', 550.0, 102),
(1137, 1005, 'Ostalo', 270.0, 100),
(1138, 1005, 'Doki', 50.0, 102),
(1139, 1006, 'Internet', 30.0, 100),
(1140, 1006, 'Struja', 50.0, 100),
(1141, 1006, 'Kirija', 690.0, 100),
(1142, 1006, 'Osiguranje Auta i Stana', 95.0, 100),
(1143, 1006, 'Kredit', 515.0, 100),
(1144, 1006, 'Gorivo', 130.0, 100),
(1145, 1006, 'Nabavka', 500.0, 100),
(1146, 1006, 'BasicFit', 30.0, 100),
(1147, 1006, 'Odrzavanje racuna', 20.0, 100),
(1148, 1006, 'TV', 50.0, 100),
(1149, 1006, 'Ostalo', 1000.0, 100),
(1150, 1006, 'njemacki', 120.0, 102),
(1151, 1006, 'rata za faks plus rodj', 370.0, 102),
(1152, 1006, 'titre de sejour ', 225.0, 102),
(1153, 1006, 'SkiOprema', 100.0, 101),
(1154, 1006, 'UmaloSvica', 75.0, 102),
(1155, 1007, 'Internet', 30.0, 100),
(1156, 1007, 'Struja', 70.0, 100),
(1157, 1007, 'Kirija', 690.0, 100),
(1158, 1007, 'Osiguranje Auta i Stana', 95.0, 100),
(1159, 1007, 'Kredit', 515.0, 100),
(1160, 1007, 'Gorivo', 100.0, 100),
(1161, 1007, 'Nabavka', 550.0, 100),
(1162, 1007, 'BasicFit', 30.0, 100),
(1163, 1007, 'Odrzavanje racuna', 20.0, 100),
(1164, 1007, 'TV', 100.0, 100),
(1165, 1007, 'Heets', 75.0, 101),
(1166, 1007, 'Savcic', 90.0, 101),
(1167, 1007, 'Doktor', 25.0, 102),
(1168, 1007, 'Ostalo', 700.0, 100),
(1169, 1007, 'KreditDug', 500.0, 102),
(1170, 1007, 'Branka suplementi', 135.0, 102),
(1171, 1007, 'ultrazvuk stitne', 35.0, 102),
(1172, 1007, 'Doktor', 25.0, 101),
(1173, 1007, 'Dekatlon', 60.0, 101),
(1174, 1007, 'Francuzi', 150.0, 102),
(1175, 1007, 'Karta', 70.0, 101),
(1176, 1007, 'Parfem', 130.0, 101),
(1177, 1007, 'DugProsliMjesec', 100.0, 101),
(1178, 1007, 'heets 2', 65.0, 101),
(1179, 1007, 'NabavkaBL', 50.0, 102),
(1180, 1008, 'Internet', 30.0, 100),
(1181, 1008, 'Struja', 70.0, 100),
(1182, 1008, 'Kirija', 690.0, 100),
(1183, 1008, 'Osiguranje Auta i Stana', 95.0, 100),
(1184, 1008, 'Kredit', 301.0, 100),
(1185, 1008, 'Gorivo', 100.0, 100),
(1186, 1008, 'Nabavka', 500.0, 100),
(1187, 1008, 'BasicFit', 30.0, 100),
(1188, 1008, 'Odrzavanje racuna', 20.0, 100),
(1189, 1008, 'TV', 100.0, 100),
(1190, 1008, 'Ostalo', 1120.0, 100),
(1191, 1008, 'DugKredit', 700.0, 102),
(1192, 1008, 'Kozmetika', 100.0, 102),
(1193, 1008, 'TojotaServis', 320.0, 100),
(1194, 1008, 'Karte Tenis', 75.0, 101),
(1195, 1008, 'Timbre', 225.0, 101),
(1196, 1009, 'Internet', 30.0, 100),
(1197, 1009, 'Struja', 70.0, 100),
(1198, 1009, 'Kirija', 690.0, 100),
(1199, 1009, 'Osiguranje Auta i Stana', 95.0, 100),
(1200, 1009, 'Kredit', 301.0, 100),
(1201, 1009, 'Gorivo', 100.0, 102),
(1202, 1009, 'Nabavka', 500.0, 102),
(1203, 1009, 'BasicFit', 30.0, 100),
(1204, 1009, 'Odrzavanje racuna', 20.0, 100),
(1207, 1009, 'restoran i parking', 50.0, 102),
(1208, 1009, 'Shein', 120.0, 102),
(1209, 1009, 'kipovina temu', 30.0, 102),
(1210, 1009, 'branka podigla', 150.0, 102),
(1211, 1009, 'Bankomat', 190.0, 102),
(1212, 1009, 'BG', 23.0, 101),
(1213, 1009, 'hormoni', 75.0, 102),
(1214, 1009, 'trakice', 33.0, 102),
(1215, 1009, 'Ostalo', 175.0, 100),
(1216, 1010, 'Internet', 30.0, 100),
(1217, 1010, 'Struja', 70.0, 100),
(1218, 1010, 'Kirija', 690.0, 100),
(1219, 1010, 'Osiguranje Auta i Stana', 95.0, 100),
(1220, 1010, 'Kredit', 301.0, 100),
(1221, 1010, 'Gorivo', 100.0, 100),
(1222, 1010, 'Nabavka', 500.0, 100),
(1223, 1010, 'BasicFit', 30.0, 100),
(1224, 1010, 'Odrzavanje racuna', 20.0, 100),
(1225, 1010, 'Ostalo', 1262.0, 100),
(1226, 1010, 'Azel', 152.0, 102),
(1228, 1010, 'trosak BGD branka', 200.0, 102),
(1229, 1010, 'Luka&Beni', 300.0, 101),
(1230, 1010, 'Doktor', 25.0, 102),
(1231, 1010, 'Bankomat', 100.0, 102),
(1232, 1010, 'Danka i Djole', -160.0, 100),
(1233, 1011, 'Internet', 30.0, 100),
(1234, 1011, 'Struja', 70.0, 100),
(1235, 1011, 'Kirija', 690.0, 100),
(1236, 1011, 'Osiguranje Auta i Stana', 95.0, 100),
(1237, 1011, 'Kredit', 301.0, 100),
(1238, 1011, 'Gorivo', 100.0, 100),
(1239, 1011, 'Nabavka', 500.0, 100),
(1240, 1011, 'BasicFit', 30.0, 100),
(1241, 1011, 'Odrzavanje racuna', 20.0, 100),
(1242, 1011, 'Ostalo', 1050.0, 100),
(1243, 1011, 'Rasppbery', 130.0, 101),
(1244, 1011, 'trošak put beograd I Yves roch', 230.0, 102),
(1245, 1011, 'Beograd 2', 280.0, 102),
(1246, 1011, 'Ebay&AliExpress', 80.0, 101),
(1249, 1011, 'zalando', 120.0, 102),
(1250, 1011, 'ange rodj', 25.0, 102),
(1251, 1012, 'Internet', 30.0, 100),
(1252, 1012, 'Struja', 70.0, 100),
(1253, 1012, 'Kirija', 690.0, 100),
(1254, 1012, 'Osiguranje Auta i Stana', 95.0, 100),
(1255, 1012, 'Kredit', 301.0, 100),
(1256, 1012, 'Gorivo', 100.0, 100),
(1257, 1012, 'Nabavka', 500.0, 100),
(1258, 1012, 'BasicFit', 30.0, 100),
(1259, 1012, 'Odrzavanje racuna', 20.0, 100),
(1260, 1012, 'Ostalo', 2042.0, 100),
(1261, 1012, 'Doktor', 25.0, 102),
(1262, 1012, 'Karta', 690.0, 102),
(1263, 1012, 'Lacoste', 77.0, 101),
(1264, 1012, 'paypal', 41.0, 102),
(1265, 1012, 'paypal 2 branka', 41.0, 102),
(1266, 1012, 'Branka izlazak', 95.0, 102),
(1267, 1013, 'Internet', 30.0, 100),
(1268, 1013, 'Struja', 70.0, 100),
(1269, 1013, 'Kirija', 690.0, 100),
(1270, 1013, 'Osiguranje Auta i Stana', 95.0, 100),
(1271, 1013, 'Kredit', 301.0, 100),
(1272, 1013, 'Gorivo', 200.0, 100),
(1273, 1013, 'Nabavka', 500.0, 100),
(1274, 1013, 'BasicFit', 30.0, 100),
(1275, 1013, 'Odrzavanje racuna', 20.0, 100),
(1277, 1013, 'US Polo', 255.0, 102),
(1278, 1013, 'Office Shoes', 138.0, 101),
(1279, 1013, 'Bankomat', 100.0, 102),
(1280, 1013, 'Djole Apoteka', 54.0, 102),
(1281, 1013, 'Hosting', 40.0, 101),
(1282, 1013, 'Viza + Pariz', 70.0, 102),
(1283, 1013, 'Kes', 200.0, 102),
(1284, 1013, 'Heets', 65.0, 101),
(1285, 1013, 'Ostalo', 830.0, 100),
(1286, 1014, 'Internet', 30.0, 100),
(1287, 1014, 'Struja', 70.0, 100),
(1288, 1014, 'Kirija', 690.0, 100),
(1289, 1014, 'Osiguranje Auta i Stana', 95.0, 100),
(1290, 1014, 'Kredit', 301.0, 100),
(1291, 1014, 'Gorivo', 100.0, 100),
(1292, 1014, 'Nabavka', 500.0, 100),
(1293, 1014, 'BasicFit', 30.0, 100),
(1294, 1014, 'Odrzavanje racuna', 20.0, 100),
(1295, 1014, 'Ostalo', 0.0, 100),
(1297, 1014, 'Peru Kes', 1100.0, 100),
(1298, 1014, 'Peru Voz', 301.0, 100),
(1299, 1014, 'Mankora Smjestaj', 500.0, 100),
(1300, 1014, 'Zalando', 60.0, 101),
(1301, 1014, 'PeruKes', 350.0, 102),
(1302, 1014, 'suplementi', 100.0, 102),
(1303, 1014, 'suplementi 1/3', 56.0, 101),
(1304, 1014, 'posljednji dan peru', 50.0, 102),
(1305, 1014, 'Dekatlon', 200.0, 101),
(1306, 1015, 'Internet', 30.0, 100),
(1307, 1015, 'Struja', 70.0, 100),
(1308, 1015, 'Kirija', 690.0, 100),
(1309, 1015, 'Osiguranje Auta i Stana', 95.0, 100),
(1310, 1015, 'Kredit', 301.0, 100),
(1311, 1015, 'Gorivo', 100.0, 100),
(1312, 1015, 'Nabavka', 400.0, 100),
(1313, 1015, 'BasicFit', 30.0, 100),
(1314, 1015, 'Odrzavanje racuna', 20.0, 100),
(1315, 1015, 'Ostalo', 0.0, 100),
(1316, 1015, 'Ulaznice Frajburg', 95.0, 101),
(1317, 1015, 'Restoran', 39.0, 102),
(1318, 1015, 'virement parfem', 79.0, 102),
(1319, 1015, 'Beograd', 100.0, 101),
(1320, 1015, 'Ostalo', 380.0, 102),
(1321, 1015, 'Ostalo', 1050.0, 100),
(1322, 1016, 'Internet', 30.0, 100),
(1323, 1016, 'Struja', 70.0, 100),
(1324, 1016, 'Kirija', 690.0, 100),
(1325, 1016, 'Osiguranje Auta i Stana', 95.0, 100),
(1326, 1016, 'Kredit', 301.0, 100),
(1327, 1016, 'Gorivo', 100.0, 100),
(1328, 1016, 'Nabavka', 500.0, 100),
(1329, 1016, 'BasicFit', 30.0, 100),
(1330, 1016, 'Odrzavanje racuna', 20.0, 100),
(1331, 1016, 'Ostalo', 851.0, 100),
(1332, 1016, 'heets stefan', 58.0, 101),
(1333, 1016, 'poklon branka', 12.0, 102),
(1334, 1016, 'Bankomat', 100.0, 102),
(1335, 1016, 'H&M BL', 43.0, 102),
(1336, 1016, 'GPT', 22.0, 101),
(1337, 1016, 'Bankomat', 1150.0, 100),
(1338, 1017, 'Internet', 30.0, 100),
(1339, 1017, 'Struja', 70.0, 100),
(1340, 1017, 'Kirija', 690.0, 100),
(1341, 1017, 'Osiguranje Auta i Stana', 95.0, 100),
(1343, 1017, 'Gorivo', 100.0, 100),
(1344, 1017, 'Nabavka', 500.0, 100),
(1345, 1017, 'BasicFit', 30.0, 100),
(1346, 1017, 'Odrzavanje racuna', 20.0, 100),
(1347, 1017, 'Ostalo', 530.0, 100),
(1349, 1017, 'Perisici', 50.0, 101),
(1350, 1017, 'Beograd', 100.0, 101),
(1351, 1017, 'Heets', 65.0, 101),
(1352, 1017, 'Bosna', 45.0, 102),
(1353, 1018, 'Internet', 30.0, 100),
(1354, 1018, 'Struja', 70.0, 100),
(1355, 1018, 'Kirija', 690.0, 100),
(1356, 1018, 'Osiguranje Auta i Stana', 95.0, 100),
(1358, 1018, 'Gorivo', 100.0, 100),
(1359, 1018, 'Nabavka', 500.0, 100),
(1360, 1018, 'BasicFit', 30.0, 100),
(1361, 1018, 'Odrzavanje racuna', 20.0, 100),
(1362, 1018, 'Ostalo', 620.0, 100),
(1363, 1018, 'Telefon', 159.0, 101),
(1365, 1018, 'Frankfurt', 200.0, 101),
(1366, 1018, 'Toroman', 35.0, 101),
(1367, 1018, 'Hilfinger', 192.0, 101),
(1368, 1018, 'Kolumbija', 57.0, 101),
(1369, 1018, 'Test', 464.0, 102),
(1370, 1018, 'Dug', 364.0, 102),
(1371, 1019, 'Internet', 30.0, 100),
(1372, 1019, 'Struja', 35.0, 100),
(1373, 1019, 'Kirija', 690.0, 100),
(1374, 1019, 'Osiguranje Auta i Stana', 132.0, 100),
(1375, 1019, 'Gorivo', 100.0, 100),
(1376, 1019, 'Nabavka', 500.0, 100),
(1377, 1019, 'BasicFit', 30.0, 100),
(1378, 1019, 'Odrzavanje racuna', 20.0, 100),
(1379, 1019, 'Ostalo', 600.0, 100),
(1380, 1019, 'danka djole', 110.0, 100),
(1381, 1019, 'Branka njega', 40.0, 102),
(1382, 1019, 'Telefon', 158.0, 101),
(1383, 1019, 'Otplata duga NT', 1000.0, 102),
(1384, 1019, 'Karte za Maj', 130.0, 100),
(1385, 1019, 'Razlika obaveza za stan', 241.0, 100),
(1386, 1019, 'Branka trosak ', 380.0, 102),
(1387, 1020, 'Internet', 30.0, 100),
(1388, 1020, 'Struja', 70.0, 100),
(1389, 1020, 'Kirija', 690.0, 100),
(1390, 1020, 'Osiguranje Auta i Stana', 132.0, 100),
(1391, 1020, 'Gorivo', 100.0, 100),
(1392, 1020, 'Nabavka', 500.0, 100),
(1393, 1020, 'BasicFit', 30.0, 100),
(1394, 1020, 'Odrzavanje racuna', 20.0, 100),
(1395, 1020, 'Ostalo', 961.0, 100),
(1396, 1020, 'Karte Bordeaux', 220.0, 100),
(1397, 1020, 'Telefon', 158.0, 101),
(1398, 1020, 'DugNT', 898.0, 102),
(1399, 1020, 'Sindikat', 327.0, 100),
(1400, 1020, 'Kredit', 200.0, 100),
(1401, 1020, 'Borin poklon', 80.0, 100),
(1402, 1020, 'IPTV', 85.0, 100),
(1403, 1020, 'njemacki', 80.0, 102),
(1405, 1020, 'Iskra', 380.0, 100),
(1406, 1021, 'Internet', 30.0, 100),
(1407, 1021, 'Struja', 70.0, 100),
(1408, 1021, 'Kirija', 690.0, 100),
(1409, 1021, 'Osiguranje Auta i Stana', 132.0, 100),
(1410, 1021, 'Gorivo', 100.0, 100),
(1411, 1021, 'Nabavka', 500.0, 100),
(1412, 1021, 'BasicFit', 30.0, 100),
(1413, 1021, 'Odrzavanje racuna', 20.0, 100),
(1414, 1021, 'Ostalo', 500.0, 100),
(1415, 1021, 'Telefon', 158.0, 101),
(1416, 1021, 'Kredit', 200.0, 100),
(1417, 1021, 'DugNT', 1000.0, 102),
(1418, 1021, 'DugEBook', 340.0, 102),
(1419, 1021, 'Dug za maj', 300.0, 102),
(1420, 1021, 'Heets', 120.0, 101),
(1421, 1021, 'Tehnicki', 80.0, 100),
(1422, 1021, 'Ben', 60.0, 100),
(1423, 1022, 'Internet', 30.0, 100),
(1424, 1022, 'Struja', 70.0, 100),
(1425, 1022, 'Kirija', 690.0, 100),
(1426, 1022, 'Osiguranje Auta i Stana', 132.0, 100),
(1427, 1022, 'Gorivo', 100.0, 100),
(1428, 1022, 'Nabavka', 500.0, 100),
(1429, 1022, 'BasicFit', 30.0, 100),
(1430, 1022, 'Odrzavanje racuna', 20.0, 100),
(1431, 1022, 'Ostalo', 0.0, 100),
(1432, 1022, 'DugNT', 1000.0, 102),
(1433, 1022, 'Kredit', 200.0, 100),
(1434, 1022, 'Bordo', 250.0, 100),
(1435, 1022, 'heets', 110.0, 101),
(1436, 1022, 'ostheo', 60.0, 102),
(1437, 1022, 'Yves rocher', 100.0, 102),
(1439, 1022, 'Njemacki i Apoteka', 115.0, 102),
(1440, 1022, 'Boro kartq', 60.0, 100),
(1441, 1022, 'Ostalo', 340.0, 100),
(1442, 1023, 'Internet', 30.0, 100),
(1443, 1023, 'Struja', 220.0, 100),
(1444, 1023, 'Kirija', 690.0, 100),
(1445, 1023, 'Osiguranje Auta i Stana', 132.0, 100),
(1446, 1023, 'Kredit', 873.0, 100),
(1447, 1023, 'Gorivo', 100.0, 100),
(1448, 1023, 'Nabavka', 500.0, 100),
(1449, 1023, 'BasicFit', 30.0, 100),
(1450, 1023, 'Odrzavanje racuna', 20.0, 100),
(1451, 1023, 'Ostalo', 1500.0, 100),
(1452, 1023, 'Otplata duga NT', 832.0, 102),
(1453, 1023, 'Troskovi zgrade', 520.0, 100),
(1454, 1023, 'Heets', 105.0, 101),
(1455, 1023, 'Kes LM', 449.0, 102),
(1456, 1023, 'Kaucija podstanari', 600.0, 100),
(1457, 1024, 'Internet', 30.0, 100),
(1458, 1024, 'Struja', 220.0, 100),
(1459, 1024, 'Kirija', 690.0, 100),
(1460, 1024, 'Osiguranje Auta i Stana', 132.0, 100),
(1461, 1024, 'Kredit', 873.0, 100),
(1462, 1024, 'Gorivo', 100.0, 100),
(1463, 1024, 'Nabavka', 600.0, 100),
(1464, 1024, 'BasicFit', 30.0, 100),
(1465, 1024, 'Odrzavanje racuna', 20.0, 100),
(1466, 1024, 'Ostalo', 1000.0, 100),
(1467, 1024, 'DugNT', 736.0, 102),
(1468, 1024, 'Tojotq', 80.0, 100),
(1469, 1024, 'Anesteziolog', 50.0, 102),
(1471, 1024, 'Karte', 350.0, 100),
(1472, 1024, 'Kolica', 370.0, 100),
(1473, 1024, 'KesBorisa', 200.0, 101),
(1474, 1025, 'Internet', 30.0, 100),
(1475, 1025, 'Struja', 220.0, 100),
(1476, 1025, 'Kirija', 460.0, 100),
(1477, 1025, 'Osiguranje Auta i Stana', 132.0, 100),
(1478, 1025, 'Kredit', 873.0, 100),
(1479, 1025, 'Gorivo', 100.0, 100),
(1480, 1025, 'Nabavka', 500.0, 100),
(1481, 1025, 'BasicFit', 30.0, 100),
(1482, 1025, 'Odrzavanje racuna', 20.0, 100),
(1483, 1025, 'Ostalo', 500.0, 100),
(1484, 1025, 'Heets', 150.0, 101),
(1485, 1025, 'Dug NT', 693.0, 102),
(1486, 1025, 'Kombi', 104.0, 100),
(1487, 1025, 'Susilica', 680.0, 100),
(1488, 1025, 'Sto', 580.0, 100),
(1489, 1025, 'Disko', 100.0, 101),
(1490, 1026, 'Internet', 30.0, 100),
(1491, 1026, 'Struja', 150.0, 100),
(1492, 1026, 'Osiguranje Auta i Stana', 132.0, 100),
(1493, 1026, 'Kredit', 873.0, 100),
(1494, 1026, 'Gorivo', 120.0, 100),
(1495, 1026, 'Nabavka', 500.0, 100),
(1496, 1026, 'BasicFit', 30.0, 100),
(1497, 1026, 'Odrzavanje racuna', 20.0, 100),
(1498, 1026, 'Ostalo', 600.0, 100),
(1499, 1026, 'Fotke', 125.0, 100),
(1500, 1026, 'DugNT', 1111.0, 102),
(1501, 1026, 'Bankomat', 220.0, 101),
(1502, 1026, 'Heets', 150.0, 101),
(1503, 1026, 'Ormari', 1500.0, 102),
(1504, 1026, 'Zavjese i Stolice', 410.0, 100),
(1505, 1026, 'Tepisi i Dekoracije', 180.0, 100),
(1506, 1026, 'Zalando', 71.0, 101),
(1507, 1026, 'Refundacije', 500.0, 102),
(1508, 1027, 'Internet', 30.0, 100),
(1509, 1027, 'Struja', 150.0, 100),
(1510, 1027, 'Osiguranje Auta i Stana', 132.0, 100),
(1511, 1027, 'Kredit', 873.0, 100),
(1512, 1027, 'Gorivo', 120.0, 100),
(1513, 1027, 'Nabavka', 800.0, 100),
(1514, 1027, 'BasicFit', 30.0, 100),
(1515, 1027, 'Odrzavanje racuna', 20.0, 100),
(1516, 1027, 'Ostalo', 450.0, 100),
(1517, 1027, 'DugNT', 900.0, 102),
(1518, 1027, 'Doktor', 25.0, 102),
(1519, 1027, 'Snjeska Cipele', 120.0, 101),
(1520, 1027, 'Action&Temu', 400.0, 100),
(1521, 1027, 'Shein', 92.0, 100),
(1522, 1027, 'Olja', 340.0, 102),
(1524, 1027, 'Sony', 430.0, 101),
(1525, 1027, 'Disko', 100.0, 101),
(1526, 1028, 'Internet', 30.0, 100),
(1527, 1028, 'Struja', 150.0, 100),
(1528, 1028, 'Osiguranje Auta i Stana', 132.0, 100),
(1529, 1028, 'Kredit', 873.0, 100),
(1530, 1028, 'Gorivo', 120.0, 100),
(1531, 1028, 'Nabavka', 800.0, 100),
(1532, 1028, 'BasicFit', 30.0, 100),
(1533, 1028, 'Odrzavanje racuna', 20.0, 100),
(1534, 1028, 'Ostalo', 1000.0, 100),
(1535, 1028, 'Zgrada', 568.0, 100),
(1536, 1028, 'Zalando', 173.0, 102),
(1537, 1028, 'Sokovnik', 111.0, 100),
(1538, 1028, 'Jakna', 61.0, 102),
(1539, 1028, 'Bankomat', 300.0, 101),
(1540, 1028, 'Bowling', 60.0, 100),
(1541, 1028, 'Zubar', 165.0, 101),
(1542, 1028, 'Jakna', 99.0, 101),
(1543, 1028, 'jakna i ?izme', 250.0, 102),
(1544, 1028, 'torbice', 170.0, 102),
(1545, 1028, 'zalando 2 ', 240.0, 102),
(1546, 1028, 'Heets', 60.0, 101),
(1547, 1028, 'Kengur', 130.0, 100),
(1548, 1028, 'KopraVale', 108.0, 101),
(1549, 1029, 'Internet', 30.0, 100),
(1550, 1029, 'Struja', 150.0, 100),
(1551, 1029, 'Osiguranje Auta i Stana', 132.0, 100),
(1552, 1029, 'Kredit', 873.0, 100),
(1553, 1029, 'Gorivo', 120.0, 100),
(1554, 1029, 'Nabavka', 700.0, 100),
(1555, 1029, 'BasicFit', 30.0, 100),
(1556, 1029, 'Odrzavanje racuna', 20.0, 100),
(1557, 1029, 'Ostalo', 440.0, 100),
(1558, 1029, 'Zgrada', 440.0, 100),
(1559, 1029, 'Gume', 590.0, 100),
(1560, 1029, 'Put za Bosnu', 280.0, 100),
(1561, 1029, 'Montaza guma', 90.0, 100),
(1562, 1029, 'Naocale', 214.0, 102),
(1563, 1029, 'Miljana', 350.0, 102),
(1564, 1029, 'Kes Nabavka', 200.0, 100),
(1565, 1029, 'Kes Action, Norma i GF', 130.0, 100),
(1566, 1029, 'Kes Gorivo', 50.0, 100),
(1567, 1029, 'Zaduzila Kes', 400.0, 102),
(1568, 1029, 'Heets', 95.0, 101),
(1569, 1029, 'Zaj Kes udio', 136.0, 102),
(1570, 1030, 'Internet', 30.0, 100),
(1571, 1030, 'Struja', 150.0, 100),
(1572, 1030, 'Osiguranje Auta i Stana', 132.0, 100),
(1573, 1030, 'Kredit', 873.0, 100),
(1574, 1030, 'Gorivo', 120.0, 100),
(1575, 1030, 'Nabavka', 700.0, 100),
(1576, 1030, 'BasicFit', 30.0, 100),
(1577, 1030, 'Odrzavanje racuna', 20.0, 100),
(1578, 1030, 'Ostalo', 0.0, 100),
(1579, 1030, 'Kesh 6.2.', 450.0, 100),
(1580, 1030, 'Kesh 17.2.', 200.0, 100),
(1581, 1030, 'Ormari rata 1', 470.0, 102),
(1582, 1030, 'Kesh 28.2.', 400.0, 100),
(1583, 1030, 'Kesh feb', 352.0, 102),
(1584, 1030, 'Heets i BG', 120.0, 101),
(1585, 1031, 'Internet', 30.0, 100),
(1586, 1031, 'Struja', 200.0, 100),
(1587, 1031, 'Osiguranje Auta i Stana', 132.0, 100),
(1588, 1031, 'Kredit', 1020.0, 100),
(1589, 1031, 'Gorivo', 120.0, 100),
(1590, 1031, 'Nabavka', 700.0, 100),
(1591, 1031, 'BasicFit', 30.0, 100),
(1592, 1031, 'Odrzavanje racuna', 20.0, 100),
(1593, 1031, 'Ostalo', 0.0, 100),
(1594, 1031, 'Ormari, rata 2', 730.0, 102),
(1595, 1031, 'Kesh 1.3.', 800.0, 100),
(1596, 1031, 'Vidange kesh', 170.0, 100),
(1597, 1031, 'Kesh 6.3.', 100.0, 100),
(1598, 1031, 'Kesh 18.3.', 250.0, 100),
(1599, 1031, 'Kesh Mart', 600.0, 102),
(1601, 1031, 'Zgrada', 336.0, 100),
(1602, 1031, 'Kanta', 140.0, 100),
(1603, 1031, 'Disko', 150.0, 101),
(1604, 1031, 'Zalando', 373.0, 101),
(1605, 1031, 'Guma', 160.0, 100),
(1606, 1032, 'Internet', 30.0, 100),
(1607, 1032, 'Struja', 200.0, 100),
(1608, 1032, 'Osiguranje Auta i Stana', 132.0, 100),
(1609, 1032, 'Kredit', 1020.0, 100),
(1610, 1032, 'Gorivo', 120.0, 100),
(1611, 1032, 'Nabavka', 700.0, 100),
(1612, 1032, 'BasicFit', 30.0, 100),
(1613, 1032, 'Odrzavanje racuna', 20.0, 100),
(1614, 1032, 'Ostalo', 2000.0, 100),
(1615, 1032, 'Ormari prevoz', 600.0, 102),
(1616, 1032, 'Disko', 250.0, 101),
(1617, 1032, 'TV', 67.0, 100),
(1618, 1032, 'Put', 200.0, 100),
(1619, 1032, 'Kesh Bosna', 360.0, 102),
(1620, 1033, 'Internet', 30.0, 100),
(1621, 1033, 'Struja', 200.0, 100),
(1622, 1033, 'Osiguranje Auta i Stana', 132.0, 100),
(1623, 1033, 'Kredit', 1020.0, 100),
(1624, 1033, 'Gorivo', 120.0, 100),
(1625, 1033, 'Nabavka', 700.0, 100),
(1626, 1033, 'BasicFit', 30.0, 100),
(1627, 1033, 'Odrzavanje racuna', 20.0, 100),
(1628, 1033, 'Ostalo', -600.0, 100),
(1629, 1033, 'Kesh 14.5.', 530.0, 100),
(1630, 1033, 'kesh', 400.0, 102),
(1631, 1033, 'Kesh 25.5.', 370.0, 100),
(1632, 1033, 'Losinj', 515.0, 100),
(1633, 1033, 'Kesh preklop', 567.0, 102),
(1634, 1034, 'Internet', 30.0, 100),
(1635, 1034, 'Struja', 330.0, 100),
(1636, 1034, 'Osiguranje Auta i Stana', 132.0, 100),
(1637, 1034, 'Kredit', 1020.0, 100),
(1638, 1034, 'Gorivo', 120.0, 100),
(1639, 1034, 'Nabavka', 700.0, 100),
(1640, 1034, 'BasicFit', 30.0, 100),
(1641, 1034, 'Odrzavanje racuna', 20.0, 100),
(1642, 1034, 'Ostalo', 500.0, 100),
(1643, 1034, 'Kesh', 300.0, 100),
(1644, 1034, 'Komoda', 200.0, 100),
(1645, 1034, 'Dyson', 680.0, 100),
(1646, 1034, 'Karte ', 200.0, 100),
(1647, 1034, 'Satovi', 60.0, 101),
(1648, 1034, 'amazon', 142.0, 100),
(1649, 1034, 'hemija', 80.0, 101),
(1650, 1034, 'Kesh', 700.0, 100),
(1651, 1034, 'Kesh', 715.0, 102),
(1652, 1034, 'Zalando', 218.0, 101),
(1653, 1034, 'Disko', 200.0, 101),
(1654, 1034, 'Karte Tenerife', 252.0, 101),
(1655, 1034, 'Kiabi', 50.0, 102),
(1656, 1035, 'Internet', 30.0, 100),
(1657, 1035, 'Struja', 200.0, 100),
(1658, 1035, 'Osiguranje Auta i Stana', 132.0, 100),
(1659, 1035, 'Kredit', 1020.0, 100),
(1660, 1035, 'Gorivo', 120.0, 100),
(1661, 1035, 'Nabavka', 700.0, 100),
(1662, 1035, 'BasicFit', 30.0, 100),
(1663, 1035, 'Odrzavanje racuna', 20.0, 100),
(1664, 1035, 'Ostalo', 1500.0, 100),
(1665, 1035, 'Banka', 200.0, 100),
(1666, 1035, 'Karte', 220.0, 100),
(1667, 1035, 'ok fest', 100.0, 101),
(1668, 1035, 'Volotea', 109.0, 102),
(1669, 1035, 'haljine', 110.0, 102),
(1670, 1035, 'kesh', 500.0, 102),
(1671, 1036, 'Internet', 30.0, 100),
(1672, 1036, 'Struja', 200.0, 100),
(1673, 1036, 'Osiguranje Auta i Stana', 132.0, 100),
(1674, 1036, 'Kredit', 1020.0, 100),
(1675, 1036, 'Gorivo', 120.0, 100),
(1676, 1036, 'Nabavka', 700.0, 100),
(1677, 1036, 'BasicFit', 30.0, 100),
(1678, 1036, 'Odrzavanje racuna', 20.0, 100),
(1679, 1036, 'Ostalo', 1100.0, 100),
(1680, 1036, 'Vodoinstalater', 100.0, 100),
(1681, 1036, 'More', 800.0, 100),
(1682, 1036, 'Prenatalni', 387.0, 100),
(1685, 1036, 'Kesh', 538.0, 102),
(1686, 1037, 'Internet', 30.0, 100),
(1687, 1037, 'Struja', 230.0, 100),
(1688, 1037, 'Osiguranje Auta i Stana', 132.0, 100),
(1689, 1037, 'Kredit', 1020.0, 100),
(1690, 1037, 'Gorivo', 120.0, 100),
(1691, 1037, 'Nabavka', 700.0, 100),
(1692, 1037, 'BasicFit', 30.0, 100),
(1693, 1037, 'Odrzavanje racuna', 20.0, 100),
(1694, 1037, 'Ostalo', 700.0, 100),
(1695, 1037, 'Stefan Kesh', 450.0, 102),
(1696, 1037, 'Dukat', 410.0, 100),
(1697, 1037, 'Zgrada', 550.0, 100),
(1698, 1037, 'Porez na stan', 811.0, 100),
(1699, 1037, 'Monitor', 440.0, 101),
(1700, 1038, 'Internet', 30.0, 100),
(1701, 1038, 'Struja', 230.0, 100),
(1702, 1038, 'Osiguranje Auta i Stana', 132.0, 100),
(1703, 1038, 'Kredit', 1020.0, 100),
(1704, 1038, 'Gorivo', 120.0, 100),
(1705, 1038, 'Nabavka', 700.0, 100),
(1706, 1038, 'BasicFit', 30.0, 100),
(1707, 1038, 'Odrzavanje racuna', 20.0, 100),
(1708, 1038, 'Ostalo', 0.0, 100),
(1709, 1038, 'kesh', 1530.0, 100),
(1710, 1038, 'Vrtic', 550.0, 100);

-- --------------------------------------------------------

--
-- Table structure for table `data`
--

CREATE TABLE `data` (
  `id` int(11) NOT NULL,
  `savings` int(11) DEFAULT NULL,
  `sallaryStefan` int(11) DEFAULT NULL,
  `sallaryBranka` int(11) DEFAULT NULL,
  `restStefan` int(11) DEFAULT NULL,
  `restBranka` int(11) DEFAULT NULL,
  `deptStefan` int(11) DEFAULT NULL,
  `deptBranka` int(11) DEFAULT NULL
) ENGINE=InnoDB DEFAULT CHARSET=latin1 COLLATE=latin1_swedish_ci;

--
-- Dumping data for table `data`
--

INSERT INTO `data` (`id`, `savings`, `sallaryStefan`, `sallaryBranka`, `restStefan`, `restBranka`, `deptStefan`, `deptBranka`) VALUES
(1000, 7, 4450, 2750, 0, 0, -1, -94);

-- --------------------------------------------------------

--
-- Table structure for table `payments`
--

CREATE TABLE `payments` (
  `id` int(11) NOT NULL,
  `reportId` int(11) DEFAULT NULL,
  `label` varchar(50) DEFAULT NULL,
  `value` decimal(5,1) DEFAULT NULL,
  `type` int(11) DEFAULT NULL
) ENGINE=InnoDB DEFAULT CHARSET=latin1 COLLATE=latin1_swedish_ci;

--
-- Dumping data for table `payments`
--

INSERT INTO `payments` (`id`, `reportId`, `label`, `value`, `type`) VALUES
(1000, 1000, 'Kredit', 590.0, 102),
(1001, 1000, 'kirija', 690.0, 102),
(1002, 1000, 'registracuija', 110.0, 102),
(1004, 1000, 'struja', 40.0, 102),
(1005, 1000, 'mijana', -200.0, 102),
(1006, 1000, 'put', 48.0, 102),
(1007, 1000, 'miljana 2', 200.0, 101),
(1008, 1000, 'blabla', -100.0, 101),
(1009, 1000, 'put', 150.1, 101),
(1010, 1000, 'tojota', 877.7, 101),
(1011, 1001, 'Kredit', 590.0, 102),
(1012, 1001, 'Posudba', 100.0, 101),
(1013, 1001, 'Nabavka 16.9.', 122.0, 101),
(1014, 1001, 'Put', 116.1, 101),
(1015, 1001, 'Kirija', 690.0, 102),
(1017, 1001, 'Struja', 40.0, 102),
(1018, 1001, 'Posudba', -100.0, 102),
(1019, 1001, 'Put', 35.2, 102),
(1020, 1001, 'Nabavka 24.9.', 176.0, 101),
(1021, 1001, 'Gorivo', 36.0, 101),
(1022, 1001, 'BasicFit', 30.0, 102),
(1023, 1002, 'Kredit', 581.0, 102),
(1024, 1002, 'Kuglanje', 34.0, 101),
(1025, 1002, 'Struja', 40.0, 102),
(1027, 1003, 'struja', 40.0, 102),
(1028, 1003, 'kredit', 580.0, 102),
(1029, 1003, 'Posudba', 300.0, 101),
(1030, 1004, 'Kredit', 580.0, 102),
(1031, 1004, 'Struja', 40.0, 102),
(1032, 1005, 'Kredit', 515.0, 102),
(1033, 1005, 'Struja', 40.0, 102),
(1034, 1005, 'basic fit', 30.0, 102),
(1035, 1005, 'Skolarina i dug u kasicu', 550.0, 101),
(1036, 1005, 'Milos', 80.0, 101),
(1037, 1005, 'Doki', 50.0, 101),
(1038, 1006, 'Kes: Norma i Auchan', 225.0, 101),
(1039, 1006, 'Kredit', 515.0, 102),
(1040, 1006, 'Struja', 40.0, 102),
(1041, 1006, 'BasicFit', 30.0, 102),
(1042, 1006, 'Rata fax', 350.0, 101),
(1043, 1006, 'UmaloSvica', 75.0, 101),
(1044, 1007, 'Auchan Kes', 250.0, 101),
(1045, 1007, 'Kredit', 515.0, 102),
(1046, 1007, 'BasicFit i Struja', 95.0, 102),
(1047, 1007, 'KreditDug', 500.0, 101),
(1048, 1007, 'NabavkaBL', 50.0, 101),
(1049, 1008, 'DugKredit', 700.0, 101),
(1050, 1008, 'Kredit', 301.0, 102),
(1051, 1008, 'Struja+BasicFit', 100.0, 102),
(1053, 1009, 'Kredit', 301.0, 102),
(1054, 1009, 'StrujaTeretana', 100.0, 102),
(1056, 1010, 'Kirija', 690.0, 102),
(1057, 1010, 'Struja & Basic Fit', 90.0, 102),
(1058, 1010, 'Kredit', 301.0, 102),
(1059, 1010, 'NormaKes', 30.0, 101),
(1060, 1011, 'Struja&BasicFit', 100.0, 102),
(1061, 1011, 'Kredit', 301.0, 102),
(1062, 1012, 'Teretana&Struja', 100.0, 102),
(1063, 1012, 'Kredit', 301.0, 102),
(1064, 1012, 'Karta', 690.0, 101),
(1065, 1013, 'Viza', 30.0, 101),
(1066, 1013, 'Kes', 200.0, 101),
(1067, 1014, 'Norma Kes', 58.0, 101),
(1068, 1014, 'Lekler&Gorivo', 220.0, 101),
(1069, 1014, 'PeruKes', 350.0, 101),
(1070, 1014, 'Nabavka', 240.0, 101),
(1071, 1015, 'Struja, kredit i basic fit', 400.0, 102),
(1072, 1016, 'Kredit, struja, basic fit', 400.0, 102),
(1073, 1017, 'Struja i BF', 100.0, 102),
(1075, 1017, 'Norma', 40.0, 101),
(1076, 1017, 'Bosna', 45.0, 101),
(1077, 1018, 'Struja&BasicFit', 100.0, 102),
(1078, 1018, 'DugNT', 364.0, 101),
(1080, 1019, 'Kirija, BF i struja', 720.0, 102),
(1081, 1019, 'Otplata duga NT', 1000.0, 101),
(1082, 1019, 'Bjeg iz minusa', 700.0, 102),
(1083, 1020, 'DugNT', 898.0, 101),
(1084, 1021, 'DugNT', 1000.0, 101),
(1085, 1021, 'Dug za maj', 300.0, 101),
(1086, 1022, 'DugNT', 1000.0, 101),
(1087, 1023, 'Otplata duga NT', 832.0, 101),
(1088, 1023, 'Kes LM', 449.0, 101),
(1089, 1024, 'DugNT', 736.0, 101),
(1090, 1025, 'DugNT', 693.0, 101),
(1091, 1026, 'DugNT', 1111.0, 101),
(1092, 1026, 'Ormari', 1500.0, 101),
(1093, 1027, 'DugNT', 900.0, 101),
(1094, 1029, 'Miljana', 350.0, 101),
(1096, 1029, 'Kod Branke', 400.0, 101),
(1097, 1029, 'zaj kes udio', 136.0, 101),
(1098, 1030, 'Ormari - rata 1', 470.0, 101),
(1099, 1030, 'Feb kesh', 352.0, 101),
(1100, 1031, 'Ormari, rata 2', 730.0, 101),
(1101, 1031, 'Kesh Mart', 600.0, 101),
(1102, 1032, 'Previz ormari', 600.0, 101),
(1103, 1032, 'Zalando refund', 130.0, 101),
(1104, 1032, 'Kesh Bosna', 360.0, 101),
(1105, 1033, 'Kesh preklop', 967.0, 101),
(1106, 1034, 'Kesh', 715.0, 101),
(1107, 1035, 'kesh', 500.0, 101),
(1108, 1036, 'Kesh Avgust', 538.0, 101),
(1109, 1037, 'kesh', 450.0, 101);

-- --------------------------------------------------------

--
-- Table structure for table `reports`
--

CREATE TABLE `reports` (
  `id` int(11) NOT NULL,
  `month` varchar(30) DEFAULT NULL,
  `year` int(11) DEFAULT NULL,
  `sallaryS` int(11) DEFAULT NULL,
  `sallaryB` int(11) DEFAULT NULL,
  `restIncomeS` int(11) DEFAULT NULL,
  `restIncomeB` int(11) DEFAULT NULL,
  `percentageS` decimal(3,1) DEFAULT NULL,
  `percentageB` decimal(3,1) DEFAULT NULL,
  `commonCostS` decimal(5,1) DEFAULT NULL,
  `commonCostB` decimal(5,1) DEFAULT NULL,
  `individualCostS` decimal(5,1) DEFAULT NULL,
  `individualCostB` decimal(5,1) DEFAULT NULL,
  `savingsS` decimal(5,1) DEFAULT NULL,
  `savingsB` decimal(5,1) DEFAULT NULL,
  `comptPaymentS` decimal(5,1) DEFAULT NULL,
  `comptPaymentB` decimal(5,1) DEFAULT NULL,
  `monthTotalS` decimal(5,1) DEFAULT NULL,
  `monthTotalB` decimal(5,1) DEFAULT NULL,
  `prevDeptS` decimal(5,1) DEFAULT NULL,
  `prevDeptB` decimal(5,1) DEFAULT NULL,
  `payedS` decimal(5,1) DEFAULT NULL,
  `payedB` decimal(5,1) DEFAULT NULL,
  `restS` decimal(5,1) DEFAULT NULL,
  `restB` decimal(5,1) DEFAULT NULL,
  `creation` datetime DEFAULT current_timestamp()
) ENGINE=InnoDB DEFAULT CHARSET=latin1 COLLATE=latin1_swedish_ci;

--
-- Dumping data for table `reports`
--

INSERT INTO `reports` (`id`, `month`, `year`, `sallaryS`, `sallaryB`, `restIncomeS`, `restIncomeB`, `percentageS`, `percentageB`, `commonCostS`, `commonCostB`, `individualCostS`, `individualCostB`, `savingsS`, `savingsB`, `comptPaymentS`, `comptPaymentB`, `monthTotalS`, `monthTotalB`, `prevDeptS`, `prevDeptB`, `payedS`, `payedB`, `restS`, `restB`, `creation`) VALUES
(1000, 'Avgust', 2022, 2000, 2530, 0, 0, 44.2, 55.8, 1393.8, 1759.7, 220.0, 591.3, 200.0, 252.5, 1127.8, 1278.0, 686.0, 1325.5, 0.0, 0.0, 684.0, 400.0, 2.0, 925.5, '2022-09-20 18:05:32'),
(1001, 'Septembar', 2022, 2000, 2381, 416, 0, 50.4, 49.6, 1531.1, 1506.8, 0.0, 0.0, 228.6, 225.0, 550.1, 1285.2, 1209.6, 446.6, 2.0, 925.0, 1211.6, 1000.0, 0.0, 371.6, '2022-10-01 14:49:39'),
(1002, 'Oktobar', 2022, 2000, 2381, 900, 0, 54.9, 45.1, 1760.6, 1446.4, 452.5, 780.0, 73.0, 60.0, 34.0, 621.0, 2252.1, 1665.4, 0.0, 372.0, 2252.0, 1800.0, 0.1, 237.4, '2022-11-01 20:00:10'),
(1003, 'Novembar', 2022, 2000, 3350, 730, 0, 44.9, 55.1, 1515.4, 1859.6, 269.0, 547.0, 80.0, 98.2, 300.0, 620.0, 1564.4, 1884.8, 0.0, 237.0, 1565.0, 2000.0, -0.6, 121.8, '2022-12-01 13:29:12'),
(1004, 'Decembar', 2022, 2000, 2381, 1700, 790, 53.8, 46.2, 2117.0, 1818.0, 465.0, 1092.0, 93.2, 80.0, 0.0, 620.0, 2675.2, 2370.0, -1.0, 122.0, 2675.0, 2100.0, -0.8, 392.0, '2023-01-02 06:32:47'),
(1005, 'Januar', 2023, 2600, 2447, 400, 0, 55.1, 44.9, 1157.1, 942.9, 0.0, 797.0, 368.2, 300.0, 680.0, 585.0, 845.3, 1454.9, -1.0, 392.0, 850.0, 1850.0, -5.7, -3.1, '2023-02-05 11:34:08'),
(1006, 'Februar', 2023, 2600, 2447, 300, 0, 54.2, 45.8, 1685.6, 1424.4, 100.0, 790.0, 260.3, 220.0, 650.0, 585.0, 1395.9, 1849.4, -6.0, -3.0, 1390.0, 1850.0, -0.1, -3.6, '2023-03-01 12:01:57'),
(1007, 'Mart', 2023, 2600, 2527, 0, 0, 50.7, 49.3, 1470.3, 1429.7, 615.0, 895.0, 260.2, 253.0, 800.0, 610.0, 1545.5, 1967.7, 0.0, -4.0, 1546.0, 2000.0, -0.5, -36.3, '2023-04-01 09:40:55'),
(1008, 'April', 2023, 2600, 2527, 0, 1900, 37.0, 63.0, 1249.1, 2126.9, 300.0, 800.0, 250.0, 425.7, 700.0, 401.0, 1099.1, 2951.6, -1.0, -36.0, 1100.0, 3000.0, -1.9, -84.4, '2023-05-03 11:07:02'),
(1009, 'Maj', 2023, 2600, 2527, 0, 0, 50.7, 49.3, 715.4, 695.6, 23.0, 1248.0, 257.1, 250.0, 0.0, 401.0, 995.5, 1792.6, -2.0, -84.0, 994.0, 1710.0, -0.5, -1.4, '2023-06-03 10:35:25'),
(1010, 'Jun', 2023, 2600, 2527, 800, 1018, 49.0, 51.0, 1439.6, 1498.4, 300.0, 477.0, 150.0, 156.1, 30.0, 1081.0, 1859.6, 1050.5, -1.0, -1.0, 1859.0, 1350.0, -0.4, -300.5, '2023-07-03 10:21:40'),
(1011, 'Jul', 2023, 3200, 2631, 300, 2036, 42.9, 57.1, 1238.1, 1647.9, 210.0, 655.0, 320.0, 425.9, 0.0, 401.0, 1768.1, 2327.8, 0.0, -301.0, 770.0, 2027.0, 998.1, -0.2, '2023-08-01 06:20:04'),
(1012, 'Avgust', 2023, 3200, 2625, 0, 0, 54.9, 45.1, 2129.0, 1749.0, 77.0, 892.0, 479.7, 394.1, 690.0, 401.0, 1995.7, 2634.1, 998.0, 0.0, 1993.0, 2400.0, 1000.0, 234.1, '2023-09-12 09:33:37'),
(1013, 'Septembar', 2023, 3200, 2690, 0, 0, 54.3, 45.7, 1501.9, 1264.1, 243.0, 679.0, 479.7, 403.8, 230.0, 0.0, 1994.7, 2346.8, 1000.0, 234.0, 2995.0, 2581.0, -0.3, -0.2, '2023-09-30 18:12:59'),
(1014, 'Oktobar', 2023, 3200, 2720, 0, 0, 54.1, 45.9, 2021.7, 1715.3, 316.0, 500.0, 480.4, 407.6, 868.0, 0.0, 1950.1, 2622.9, 0.0, 0.0, 1950.0, 2650.0, 0.1, -27.1, '2023-10-31 17:35:51'),
(1015, 'Novembar', 2023, 3200, 2720, 0, 1350, 44.0, 56.0, 1225.8, 1560.2, 195.0, 498.0, 479.8, 610.7, 0.0, 400.0, 1900.7, 2268.8, 0.0, -27.0, 1901.0, 2242.0, -0.3, -0.2, '2023-12-14 16:31:30'),
(1016, 'Decembar', 2023, 3200, 3685, 0, 0, 46.5, 53.5, 1784.2, 2052.8, 80.0, 155.0, 480.2, 552.5, 0.0, 400.0, 2344.4, 2360.3, 0.0, 0.0, 2345.0, 2361.0, -0.6, -0.7, '2024-01-04 08:16:17'),
(1017, 'Januar', 2024, 3500, 2700, 0, 0, 56.5, 43.5, 1166.7, 898.3, 215.0, 45.0, 350.3, 269.7, 85.0, 100.0, 1647.0, 1113.0, -1.0, -1.0, 1646.0, 1112.0, 0.0, 0.0, '2024-02-01 10:23:53'),
(1018, 'Februar', 2024, 3500, 2700, 0, 0, 56.5, 43.5, 1217.6, 937.4, 643.0, 828.0, 350.3, 269.7, 364.0, 100.0, 1846.9, 1935.1, 0.0, 0.0, 1850.0, 2000.0, -3.1, -64.9, '2024-03-06 03:20:23'),
(1019, 'Mart', 2024, 3500, 2700, 830, 6800, 31.3, 68.7, 819.4, 1798.6, 158.0, 1420.0, 432.9, 950.1, 1000.0, 1420.0, 410.3, 2748.7, -3.0, -65.0, 408.0, 2684.0, -0.7, -0.3, '2024-04-01 13:23:29'),
(1020, 'April', 2024, 3500, 2850, 0, 0, 55.1, 44.9, 2107.6, 1717.4, 158.0, 978.0, 349.9, 285.1, 898.0, 0.0, 1717.5, 2980.5, -1.0, 0.0, 1720.0, 3000.0, -3.5, -19.5, '2024-05-07 05:51:12'),
(1021, 'Maj', 2024, 3500, 2850, 0, 3600, 35.2, 64.8, 849.0, 1563.0, 278.0, 1640.0, 350.2, 644.8, 1300.0, 0.0, 177.3, 3847.7, -4.0, -19.0, 175.0, 3830.0, -1.7, -1.3, '2024-06-05 18:29:04'),
(1022, 'Jun', 2024, 3500, 2850, 0, 1250, 46.1, 53.9, 1116.5, 1305.5, 110.0, 1275.0, 350.4, 409.6, 1000.0, 0.0, 576.9, 2990.1, -2.0, -1.0, 575.0, 2990.0, -0.1, -0.9, '2024-06-30 09:27:24'),
(1023, 'Jul', 2024, 3500, 2850, 500, 0, 58.4, 41.6, 3045.6, 2169.4, 105.0, 1281.0, 0.0, 0.0, 1281.0, 0.0, 1869.6, 3450.4, 0.0, -1.0, 1870.0, 2700.0, -0.4, 749.4, '2024-08-03 01:35:17'),
(1024, 'Avgust', 2024, 3790, 2850, 0, 0, 57.1, 42.9, 2566.6, 1928.4, 200.0, 786.0, 0.0, 0.0, 736.0, 0.0, 2030.6, 2714.4, 0.0, 749.0, 2031.0, 2600.0, -0.4, 863.4, '2024-09-01 13:33:52'),
(1025, 'Septembar', 2024, 3500, 2850, 0, 0, 55.1, 44.9, 2330.2, 1898.8, 250.0, 693.0, 174.9, 142.6, 693.0, 0.0, 2062.1, 2734.4, 0.0, 863.0, 2063.0, 2700.0, -0.9, 897.4, '2024-10-01 03:54:50'),
(1026, 'Oktobar', 2024, 3500, 2750, 0, 0, 56.0, 44.0, 1775.2, 1394.8, 441.0, 3111.0, 175.0, 137.5, 2611.0, 0.0, -219.8, 4643.3, -1.0, 897.0, 0.0, 5540.0, -220.8, 0.3, '2024-11-03 15:34:03'),
(1027, 'Novembar', 2024, 3500, 3997, 0, 0, 46.7, 53.3, 1446.3, 1650.7, 650.0, 1265.0, 245.1, 279.7, 900.0, 0.0, 1441.4, 3195.4, -221.0, 0.0, 1221.0, 3196.0, -0.6, -0.6, '2024-12-03 05:29:44'),
(1028, 'Decembar', 2024, 4470, 3225, 2000, 0, 66.7, 33.3, 2684.0, 1340.0, 732.0, 894.0, 452.7, 226.0, 0.0, 0.0, 3868.7, 2460.0, -1.0, -1.0, 3400.0, 2459.0, 467.7, 0.0, '2025-01-03 18:45:31'),
(1029, 'Januar', 2025, 4470, 2750, 440, 0, 64.1, 35.9, 2740.3, 1534.7, 95.0, 1100.0, 343.7, 192.5, 886.0, 0.0, 2293.0, 2827.2, 468.0, 0.0, 2761.0, 2827.0, 0.0, 0.2, '2025-02-02 18:44:39'),
(1030, 'Februar', 2025, 4450, 2750, 1030, 0, 66.6, 33.4, 2067.9, 1037.1, 120.0, 822.0, 383.7, 192.4, 822.0, 0.0, 1749.6, 2051.5, 0.0, 0.0, 1750.0, 2052.0, -0.4, -0.5, '2025-02-28 17:32:20'),
(1031, 'Mart', 2025, 4450, 2750, 1300, 2000, 54.8, 45.2, 2306.0, 1902.0, 523.0, 1330.0, 402.8, 332.2, 1330.0, 0.0, 1901.8, 3564.2, 0.0, -1.0, 1902.0, 3564.0, -0.2, -0.8, '2025-04-01 19:44:56'),
(1032, 'April', 2025, 4450, 2750, 450, 0, 64.1, 35.9, 2896.7, 1622.3, 250.0, 960.0, 343.3, 192.2, 1090.0, 0.0, 2399.9, 2774.6, 0.0, -1.0, 2400.0, 2774.0, -0.1, -0.4, '2025-05-15 05:56:42'),
(1033, 'Maj', 2025, 4450, 2750, 500, 5642, 37.1, 62.9, 1137.9, 1929.1, 0.0, 967.0, 346.5, 587.4, 967.0, 0.0, 517.3, 3483.6, 0.0, 0.0, 517.0, 3483.0, 0.3, 0.6, '2025-06-05 05:32:28'),
(1034, 'Jun', 2025, 4450, 2750, 1550, 1700, 57.4, 42.6, 2929.7, 2174.3, 810.0, 765.0, 299.9, 222.6, 715.0, 0.0, 3324.6, 3161.9, 0.0, 1.0, 1950.0, 5100.0, 1374.6, -1937.1, '2025-07-08 12:55:23'),
(1035, 'Jul', 2025, 4450, 2750, 700, 0, 65.2, 34.8, 2720.1, 1451.9, 100.0, 719.0, 257.5, 137.5, 500.0, 0.0, 2577.7, 2308.3, 1375.0, -1937.0, 2330.0, 2500.0, 1622.7, -2128.7, '2025-08-28 11:02:33'),
(1036, 'Avgust', 2025, 4450, 2750, 890, 0, 66.0, 34.0, 3061.7, 1577.3, 0.0, 538.0, 267.0, 137.5, 538.0, 0.0, 2790.7, 2252.8, 1623.0, -2129.0, 6000.0, 2500.0, -1586.3, -2376.2, '2025-09-01 18:32:46'),
(1037, 'Septembar', 2025, 4450, 2750, 765, 0, 65.5, 34.5, 3113.2, 1639.8, 440.0, 450.0, 365.2, 192.4, 450.0, 0.0, 3468.4, 2282.1, -1586.0, -2376.0, 1883.0, 0.0, -0.6, -93.9, '2025-10-03 03:00:02');

-- --------------------------------------------------------

--
-- Table structure for table `template`
--

CREATE TABLE `template` (
  `label` varchar(50) NOT NULL,
  `value` int(11) DEFAULT NULL,
  `type` int(11) DEFAULT NULL
) ENGINE=MyISAM DEFAULT CHARSET=latin1 COLLATE=latin1_swedish_ci;

--
-- Dumping data for table `template`
--

INSERT INTO `template` (`label`, `value`, `type`) VALUES
('Internet', 30, 100),
('Struja', 230, 100),
('Vrtic', 550, 100),
('Osiguranje Auta i Stana', 132, 100),
('Kredit', 1020, 100),
('Gorivo', 150, 100),
('Nabavka', 1000, 100),
('BasicFit', 30, 100),
('Odrzavanje racuna', 20, 100),
('Ostalo', 0, 100);

--
-- Indexes for dumped tables
--

--
-- Indexes for table `costs`
--
ALTER TABLE `costs`
  ADD PRIMARY KEY (`id`);

--
-- Indexes for table `data`
--
ALTER TABLE `data`
  ADD PRIMARY KEY (`id`);

--
-- Indexes for table `payments`
--
ALTER TABLE `payments`
  ADD PRIMARY KEY (`id`);

--
-- Indexes for table `reports`
--
ALTER TABLE `reports`
  ADD PRIMARY KEY (`id`);

--
-- Indexes for table `template`
--
ALTER TABLE `template`
  ADD PRIMARY KEY (`label`);

--
-- AUTO_INCREMENT for dumped tables
--

--
-- AUTO_INCREMENT for table `costs`
--
ALTER TABLE `costs`
  MODIFY `id` int(11) NOT NULL AUTO_INCREMENT, AUTO_INCREMENT=1711;

--
-- AUTO_INCREMENT for table `data`
--
ALTER TABLE `data`
  MODIFY `id` int(11) NOT NULL AUTO_INCREMENT, AUTO_INCREMENT=1001;

--
-- AUTO_INCREMENT for table `payments`
--
ALTER TABLE `payments`
  MODIFY `id` int(11) NOT NULL AUTO_INCREMENT, AUTO_INCREMENT=1110;

--
-- AUTO_INCREMENT for table `reports`
--
ALTER TABLE `reports`
  MODIFY `id` int(11) NOT NULL AUTO_INCREMENT, AUTO_INCREMENT=1038;
COMMIT;

/*!40101 SET CHARACTER_SET_CLIENT=@OLD_CHARACTER_SET_CLIENT */;
/*!40101 SET CHARACTER_SET_RESULTS=@OLD_CHARACTER_SET_RESULTS */;
/*!40101 SET COLLATION_CONNECTION=@OLD_COLLATION_CONNECTION */;
